Name, Email, Phone
Krishna, Krishna@goloka.com, 8759125750
abinash, abinash@gmail.com, 0123456789
rohan, rohan@gmail.com, 0123456789
akash, akash@gmail.com, 0123456789
suman, suman@gmail.com, 0123456789
shashi, shashi@gmail.com, 0123456789
sidharth, sidharth@gmail.com, 0123456789
abhishek, abhishek@gmail.com, 0123456789
ashish, ashish@gmail.com, 0123456789
ram, ram@gmail.com, 0123456789
palash, palash@gmail.com, 0123456789
sweet, sweet@gmail.com, 0123456789
sinha, sinha@gmail.com, 0123456789
aditya, aditya@gmail.com, 0123456789
James, James@gmail.com, 0123456789
Mary, Mary@gmail.com, 0123456789
John, John@gmail.com, 0123456789
Patricia, Patricia@gmail.com, 0123456789
Robert, Robert@gmail.com, 0123456789
Jennifer, Jennifer@gmail.com, 0123456789
Michael, Michael@gmail.com, 0123456789
Linda, Linda@gmail.com, 0123456789
William, William@gmail.com, 0123456789
Elizabeth, Elizabeth@gmail.com, 0123456789
David, David@gmail.com, 0123456789
Barbara, Barbara@gmail.com, 0123456789
Richard, Richard@gmail.com, 0123456789
Susan, Susan@gmail.com, 0123456789
Joseph, Joseph@gmail.com, 0123456789
Jessica, Jessica@gmail.com, 0123456789
Thomas, Thomas@gmail.com, 0123456789
Sarah, Sarah@gmail.com, 0123456789
Charles, Charles@gmail.com, 0123456789
Karen, Karen@gmail.com, 0123456789
Christopher, Christopher@gmail.com, 0123456789
Nancy, Nancy@gmail.com, 0123456789
Daniel, Daniel@gmail.com, 0123456789
Margaret, Margaret@gmail.com, 0123456789
Matthew, Matthew@gmail.com, 0123456789
Lisa, Lisa@gmail.com, 0123456789
Anthony, Anthony@gmail.com, 0123456789
Betty, Betty@gmail.com, 0123456789
Donald, Donald@gmail.com, 0123456789
Dorothy, Dorothy@gmail.com, 0123456789
Mark, Mark@gmail.com, 0123456789
Sandra, Sandra@gmail.com, 0123456789
Paul, Paul@gmail.com, 0123456789
Ashley, Ashley@gmail.com, 0123456789
Steven, Steven@gmail.com, 0123456789
Kimberly, Kimberly@gmail.com, 0123456789